{
  "themes": {
    "light": {
      "palette": {
        "primary": {
          "main": "#15b8cf"
        },
        "secondary": {
          "light": "#347eff",
          "main": "#415a85",
          "contrastText": "#ffcc00"
        },
        "background": {
          "default": "#efefef",
          "paper": "#ffffff",
          "drawer": "#1a1f2f"
        }
      },
      "typography": {
        "fontFamily": "\"Open Sans\", \"Helvetica\", \"Arial\", sans-serif",
        "fontSize": 12,
        "body2": {
          "lineHeight": 2
        }
      },
      "custom": {
        "contentAreaWidth": 1240,
        "backgroundImage": "/site/public/images/back-light.png",
        "defaultApiView": "grid",
        "page": {
          "style": "fluid",
          "width": 1240,
          "emptyAreadBackground": "#1e2129",
          "border": "solid 1px #cccccc"
        },
        "appBar": {
          "logo": "/site/public/tenant_themes/wso2.com/t-logo.png",
          "logoHeight": 40,
          "background": "#207bb0",
          "activeBackground": "#f62921",
          "showSearch": true,
          "drawerWidth": 200
        },
        "leftMenu": {
          "position": "horizontal",
          "style": "no text",
          "iconSize": 24,
          "leftMenuTextStyle": "uppercase",
          "width": 60,
          "background": "#051d46",
          "leftMenuActive": "#254061",
          "activeBackground": "#347eff",
          "rootIconVisible": false,
          "rootIconSize": 42,
          "rootIconTextVisible": false,
          "rootBackground": "#204d6a"
        },
        "infoBar": {
          "height": 70,
          "background": "#000",
          "showBackIcon": true,
          "showThumbnail": true,
          "starColor": "#f6bf21",
          "sliderBackground": "#000",
          "iconOddColor": "#347eff",
          "iconEvenColor": "#89b4ff",
          "listGridSelectedColor": "#347eff",
          "tagChipBackground": "#7dd7f5"
        },
        "listView": {
          "tableHeadBackground": "#fff",
          "tableBodyOddBackgrund": "#444",
          "tableBodyEvenBackgrund": "#fff"
        },
        "overview": {
          "titleIconColor": "#89b4ff",
          "titleIconSize": 16
        },
        "adminRole": "admin",
        "commentsLimit": 5,
        "maxCommentLength": 512,
        "overviewPage": {
          "commentsBackground": "/site/public/images/overview/comments.svg",
          "documentsBackground": "/site/public/images/overview/documents.svg",
          "credentialsBackground": "/site/public/images/overview/credentials.svg"
        },
        "resourceChipColors": {
          "get": "#02a8f4",
          "post": "#8ac149",
          "put": "#ff9700",
          "delete": "#fd5621",
          "options": "#5f7c8a",
          "patch": "#785446",
          "head": "#785446"
        },
        "operationChipColor": {
          "query": "#b3e6fe",
          "mutation": "#c1dea0",
          "subscription": "#ffcc80"
        },
        "thumbnail": {
          "width": 240,
          "contentPictureOverlap": false,
          "iconColor": "#ffffff",
          "listViewIconSize": 20,
          "contentBackgroundColor": "rgba(239, 239, 239, 0.5)",
          "defaultApiImage": false,
          "backgrounds": [
            {
              "prime": 2406206207,
              "sub": 1338177791
            },
            {
              "prime": 4101969663,
              "sub": 3453762047
            },
            {
              "prime": 4097980159,
              "sub": 4274063359
            },
            {
              "prime": 563540991,
              "sub": 2934571263
            },
            {
              "prime": 4288086271,
              "sub": 4293606655
            },
            {
              "prime": 4288086271,
              "sub": 4267123455
            }
          ],
          "document": {
            "icon": "library_books",
            "backgrounds": {
              "prime": 3489136639,
              "sub": 3808425983
            }
          }
        },
        "noApiImage": "/site/public/images/nodata.svg",
        "landingPage": {
          "active": true,
          "carousel": {
            "active": true,
            "slides": [
              {
                "src": "/site/public/images/landing/01.jpg",
                "title": "Lorem <span>ipsum</span> dolor sit amet",
                "content": "Lorem ipsum dolor sit amet, consectetur adipiscing elit. Integer felis lacus, placerat vel condimentum in, porta a urna. Suspendisse dolor diam, vestibulum at molestie dapibus, semper eget ex. Morbi sit amet euismod tortor."
              },
              {
                "src": "/site/public/images/landing/02.jpg",
                "title": "Curabitur <span>malesuada</span> arcu sapien",
                "content": "Curabitur malesuada arcu sapien, suscipit egestas purus efficitur vitae. Etiam vulputate hendrerit venenatis. "
              },
              {
                "src": "/site/public/images/landing/03.jpg",
                "title": "Nam vel ex <span>feugiat</span> nunc laoreet",
                "content": "Nam vel ex feugiat nunc laoreet elementum. Duis sed nibh condimentum, posuere risus a, mollis diam. Vivamus ultricies, augue id pulvinar semper, mauris lorem bibendum urna, eget tincidunt quam ex ut diam."
              }
            ]
          },
          "listByTag": {
            "active": true,
            "content": [
              {
                "tag": "finance",
                "title": "Checkout our Finance APIs",
                "description": "We offers online payment solutions and has more than 123 million customers worldwide. The WSO2 Finane API makes powerful functionality available to developers by exposing various features of our platform. Functionality includes but is not limited to invoice management, transaction processing and account management.",
                "maxCount": 5
              },
              {
                "tag": "weather",
                "title": "Checkout our Weather APIs",
                "description": "We offers online payment solutions and has more than 123 million customers worldwide. The WSO2 Finane API makes powerful functionality available to developers by exposing various features of our platform. Functionality includes but is not limited to invoice management, transaction processing and account management.",
                "maxCount": 5
              }
            ]
          },
          "parallax": {
            "active": true,
            "content": [
              {
                "src": "/site/public/images/landing/parallax1.jpg",
                "title": "Lorem <span>ipsum</span> dolor sit amet",
                "content": "Lorem ipsum dolor sit amet, consectetur adipiscing elit. Integer felis lacus, placerat vel condimentum in, porta a urna. Suspendisse dolor diam, vestibulum at molestie dapibus, semper eget ex. Morbi sit amet euismod tortor."
              },
              {
                "src": "/site/public/images/landing/parallax2.jpg",
                "title": "Nam vel ex <span>feugiat</span> nunc laoreet",
                "content": "Nam vel ex feugiat nunc laoreet elementum. Duis sed nibh condimentum, posuere risus a, mollis diam. Vivamus ultricies, augue id pulvinar semper, mauris lorem bibendum urna, eget tincidunt quam ex ut diam."
              }
            ]
          }
        },
        "tagWise": {
          "active": false,
          "style": "fixed-left",
          "thumbnail": {
            "width": 150,
            "image": "/site/public/images/api/api-default.png"
          },
          "key": "-group",
          "showAllApis": true
        },
        "tagCloud": {
          "active": true,
          "colorOptions": {
            "luminosity": "light",
            "hue": "blue"
          },
          "leftMenu": {
            "width": 200,
            "height": "calc(100vh - 222px)",
            "background": "#1a1f2f",
            "color": "#c7e9ff",
            "titleBackground": "#335c8b",
            "sliderBackground": "#335c8b",
            "sliderWidth": 25,
            "hasIcon": false
          }
        },
        "social": {
          "showRating": true
        },
        "apiDetailPages": {
          "showCredentials": true,
          "showComments": true,
          "showTryout": true,
          "showDocuments": true,
          "showSdks": true,
          "onlyShowSdks": []
        },
        "banner": {
          "active": false,
          "style": "text",
          "image": "/site/public/images/landing/01.jpg",
          "text": "This is a very important announcement",
          "color": "#ffffff",
          "background": "#e08a00",
          "padding": 20,
          "margin": 0,
          "fontSize": 18,
          "textAlign": "center"
        },
        "footer": {
          "active": true,
          "text": "",
          "background": "#bdbdbd",
          "color": "#222222"
        }
      }
    }
  }
}